Adam Ralph <adam@adamralph.com> Adam Ralph <unknown@kiln.example.com>
Alex Meyer-Gleaves <alex.meyergleaves@gmail.com> alex.meyergleaves <alex.meyergleaves@gmail.com>
Alex Meyer-Gleaves <alex.meyergleaves@gmail.com> alex.meyergleaves <unknown@kiln.example.com>
Alex Meyer-Gleaves <alex.meyergleaves@gmail.com> alex.meyergleaves@gmail.com <unknown@kiln.example.com>
Alex Meyer-Gleaves <alex.meyergleaves@gmail.com> Alex@COSMOS <unknown@kiln.example.com>
Alex Meyer-Gleaves <alex.meyergleaves@gmail.com> alexmg <alex.meyergleaves@gmail.com>
Brendan Kowitz <brendan.kowitz@gmail.com> brendan.kowitz <unknown@kiln.example.com>
Brendan Kowitz <brendan.kowitz@gmail.com> brendan.kowitz@gmail.com <unknown@kiln.example.com>
Brendan Kowitz <brendan.kowitz@gmail.com> brendankowitz <unknown@kiln.example.com>
Carl Hoerberg <carl.hoerberg@gmail.com> carlhoerberg <unknown@kiln.example.com>
Ivan Ferić <ivan.feric@gmail.com> IvanFeric <ivan.feric@gmail.com>
Nicholas Blumhardt <nblumhardt@nblumhardt.com> nblumhardt@nblumhardt-rmbp <unknown@kiln.example.com>
Nicholas Blumhardt <nblumhardt@nblumhardt.com> nblumhardt@nblumhardt-rmbp.Belkin <unknown@kiln.example.com>
Nicholas Blumhardt <nblumhardt@nblumhardt.com> nicholas.blumhardt <unknown@kiln.example.com>
Peter Lillevold <plillevold@gmail.com> plillevold <unknown@kiln.example.com>
Peter Lillevold <plillevold@gmail.com> plillevold@gmail.com <unknown@kiln.example.com>
Rinat Abdullin <rinat.abdullin@gmail.com> rinat.abdullin <unknown@kiln.example.com>
Rinat Abdullin <rinat.abdullin@gmail.com> rinat.abdullin@gmail.com <unknown@kiln.example.com>
Steve Hebert <steve.hebert@gmail.com> s_hebert <unknown@kiln.example.com>
Steve Hebert <steve.hebert@gmail.com> sdhebert <unknown@kiln.example.com>
Travis Illig <tillig@paraesthesia.com> travis.illig <unknown@kiln.example.com>
Travis Illig <tillig@paraesthesia.com> travis.illig@gmail.com <unknown@kiln.example.com>
Travis Illig <tillig@paraesthesia.com> Travis@tillig-win8-vm <unknown@kiln.example.com>
Travis Illig <tillig@paraesthesia.com> Travis@tillig-win8-vm.corp.checkfree.com <unknown@kiln.example.com>
Vijay Santhanam <vijay.santhanam@gmail.com> vijay.santhanam <unknown@kiln.example.com>
